,sales_year,CLAIM_ID,Claim Name,Vendor,sales_dollars_value,sales_units_value,sales_lbs_value,total_post,searchVolume
0,2016,0,No Claim,A,6535862116.0,2810007373,6645849986,34011.0,1119883.0
1,2016,0,No Claim,B,2527739337.0,919624833,1973334623,34011.0,1119883.0
2,2016,0,No Claim,D,2078215386.0,607468747,1606254579,34011.0,1119883.0
3,2016,0,No Claim,E,490971628.0,51797913,875047294,34011.0,1119883.0
4,2016,0,No Claim,F,36712422.0,5594042,28304928,34011.0,1119883.0
5,2016,0,No Claim,G,499745876.0,48259494,1068474915,34011.0,1119883.0
6,2016,0,No Claim,H,348608467.0,64075821,183634380,34011.0,1119883.0
7,2016,0,No Claim,Others,1373026260.0,230964773,985508958,34011.0,1119883.0
8,2016,0,No Claim,Private Label,1967906579.0,512018533,3016738726,34011.0,1119883.0
9,2016,8,low carb,A,529168041.0,120236009,173243254,91243.0,2444696.0
10,2016,8,low carb,B,136933752.0,41983398,46267922,91243.0,2444696.0
11,2016,8,low carb,D,506042046.0,57563216,192362646,91243.0,2444696.0
12,2016,8,low carb,F,736803901.0,72683751,237745117,91243.0,2444696.0
13,2016,8,low carb,H,19877908.0,3274333,5800609,91243.0,2444696.0
14,2016,8,low carb,Others,2070168070.0,253350487,693806998,91243.0,2444696.0
15,2016,8,low carb,Private Label,264890595.0,39424903,141588579,91243.0,2444696.0
16,2016,15,beans,A,402395.0,22269,122478,1676.0,1119883.0
17,2016,15,beans,D,1866097.0,38218,646905,1676.0,1119883.0
18,2016,15,beans,Others,37869143.0,2315089,7778435,1676.0,1119883.0
19,2016,15,beans,Private Label,99868.0,9318,3500,1676.0,1119883.0
20,2016,16,cocoa,Others,4631618.0,1937441,725049,34011.0,1119883.0
21,2016,32,stroganoff,A,422906761.0,70651587,198177474,34011.0,1119883.0
22,2016,32,stroganoff,B,383618540.0,26183268,200736016,34011.0,1119883.0
23,2016,32,stroganoff,D,454606616.0,39131750,290148184,34011.0,1119883.0
24,2016,32,stroganoff,F,1214711325.0,104831987,459706372,34011.0,1119883.0
25,2016,32,stroganoff,H,158538939.0,9136705,59252041,34011.0,1119883.0
26,2016,32,stroganoff,Others,578572045.0,78975637,190757709,34011.0,1119883.0
27,2016,38,cumin,Others,4491.0,272,205,991.0,1119883.0
28,2016,39,high/source of protein,A,9478617.0,1296690,3780179,1221.0,20023.0
29,2016,39,high/source of protein,B,49293.0,25804,21287,1221.0,20023.0
30,2016,39,high/source of protein,Others,30527023.0,1063995,14927098,1221.0,20023.0
31,2016,40,no additives/preservatives,A,450840973.0,69135109,171439181,3642.0,522.0
32,2016,40,no additives/preservatives,B,676935160.0,49903096,424010102,3642.0,522.0
33,2016,40,no additives/preservatives,D,288190404.0,40006861,127305499,3642.0,522.0
34,2016,40,no additives/preservatives,F,1356558002.0,116393047,501248231,3642.0,522.0
35,2016,40,no additives/preservatives,H,34305835.0,2064227,13651684,3642.0,522.0
36,2016,40,no additives/preservatives,Others,934340068.0,97162694,290567898,3642.0,522.0
37,2016,40,no additives/preservatives,Private Label,14486402.0,6580503,9461671,3642.0,522.0
38,2016,58,buckwheat,A,44377735.0,7833023,6058511,34011.0,1119883.0
39,2016,58,buckwheat,B,34867276.0,20255270,15243840,34011.0,1119883.0
40,2016,58,buckwheat,D,52410688.0,6285917,14629250,34011.0,1119883.0
41,2016,58,buckwheat,F,6448310.0,3562755,846506,34011.0,1119883.0
42,2016,58,buckwheat,H,4424807.0,845163,438044,34011.0,1119883.0
43,2016,58,buckwheat,Others,205596722.0,30446804,52978916,34011.0,1119883.0
44,2016,58,buckwheat,Private Label,13691804.0,6801199,6687518,34011.0,1119883.0
45,2016,73,brown ale,A,730537.0,53242,157695,34011.0,1119883.0
46,2016,73,brown ale,B,4.0,4,2,34011.0,1119883.0
47,2016,73,brown ale,H,701839.0,357945,184648,34011.0,1119883.0
48,2016,73,brown ale,Others,17788077.0,3696077,6188321,34011.0,1119883.0
49,2016,73,brown ale,Private Label,1575051.0,117352,334453,34011.0,1119883.0
50,2016,75,french bisque,A,2231047.0,1492363,401243,48113.0,521448.0
51,2016,75,french bisque,B,8120357.0,5308753,3031746,48113.0,521448.0
52,2016,75,french bisque,D,19914878.0,5345628,2441319,48113.0,521448.0
53,2016,75,french bisque,F,342511.0,127201,99380,48113.0,521448.0
54,2016,75,french bisque,Others,27067452.0,5652963,7439925,48113.0,521448.0
55,2016,81,gmo free,A,7336756.0,2909437,5544102,17583.0,355980.0
56,2016,81,gmo free,B,5745089.0,608566,2305692,17583.0,355980.0
57,2016,81,gmo free,F,681522350.0,52608514,234576147,17583.0,355980.0
58,2016,81,gmo free,H,369495.0,31048,100915,17583.0,355980.0
59,2016,81,gmo free,Others,346471557.0,24408457,160552004,17583.0,355980.0
60,2016,100,low calorie,Others,92610742.0,2408664,25027402,1913.0,222609.0
61,2016,101,peach,Others,866363.0,105374,199108,188.0,1119883.0
62,2016,120,crab,A,1361559.0,89235,312753,1895.0,28054.0
63,2016,120,crab,F,44042941.0,1122819,23641411,1895.0,28054.0
64,2016,120,crab,Others,150391740.0,7569855,31441586,1895.0,28054.0
65,2016,120,crab,Private Label,105.0,107,89,1895.0,28054.0
66,2016,125,nuts,Others,9677484.0,538552,2178407,27054.0,1119883.0
67,2016,125,nuts,Private Label,53966.0,6218,2331,27054.0,1119883.0
68,2016,142,convenience - easy-to-prepare,Others,2099245.0,94423,222435,146994.0,505.0
69,2016,145,scallop,Others,9488357.0,741416,355102,206.0,1119883.0
70,2016,147,american gumbo,A,611453.0,57902,151475,23648.0,1119883.0
71,2016,147,american gumbo,F,6891418.0,990847,785927,23648.0,1119883.0
72,2016,147,american gumbo,H,425539.0,65901,32957,23648.0,1119883.0
73,2016,147,american gumbo,Others,7030311.0,2514881,1062624,23648.0,1119883.0
74,2016,147,american gumbo,Private Label,5602072.0,1250469,1226850,23648.0,1119883.0
75,2016,151,low sodium,A,15774305.0,721407,8030777,32127.0,939695.0
76,2016,151,low sodium,B,7812204.0,661932,2203618,32127.0,939695.0
77,2016,151,low sodium,F,6776222.0,646794,1926635,32127.0,939695.0
78,2016,151,low sodium,Others,102106503.0,5445918,61493404,32127.0,939695.0
79,2016,151,low sodium,Private Label,913704.0,238548,148626,32127.0,939695.0
80,2016,152,low sugar,A,1008213.0,614574,80661,3495.0,1046873.0
81,2016,152,low sugar,H,759184.0,138939,76416,3495.0,1046873.0
82,2016,152,low sugar,Others,6357944.0,907954,2203691,3495.0,1046873.0
83,2016,152,low sugar,Private Label,255868.0,38162,24382,3495.0,1046873.0
84,2016,158,chicken,A,15395612.0,1773234,6662244,21828.0,6434973.0
85,2016,158,chicken,B,392277.0,53458,53458,21828.0,6434973.0
86,2016,158,chicken,D,1714253.0,932675,211659,21828.0,6434973.0
87,2016,158,chicken,F,2683865.0,408630,413496,21828.0,6434973.0
88,2016,158,chicken,H,773638.0,120680,60342,21828.0,6434973.0
89,2016,158,chicken,Others,45997851.0,9086521,10777543,21828.0,6434973.0
90,2016,158,chicken,Private Label,3252960.0,1021399,1500775,21828.0,6434973.0
91,2016,163,ethical - packaging,B,63609560.0,1891660,27908572,3758.0,488.0
92,2016,163,ethical - packaging,Others,2401740.0,238645,675009,3758.0,488.0
93,2016,171,cherry,Others,456448.0,101048,19116,955.0,1119883.0
94,2016,178,red raspberry,B,2666323.0,2213907,3044293,617.0,1119883.0
95,2016,178,red raspberry,Private Label,51299.0,24541,12289,617.0,1119883.0
96,2016,185,cookie,A,200810794.0,11802426,141434234,34011.0,1119883.0
97,2016,185,cookie,B,596278549.0,39979507,446379547,34011.0,1119883.0
98,2016,185,cookie,D,150956852.0,9656692,119820758,34011.0,1119883.0
99,2016,185,cookie,F,49612.0,1869,19645,34011.0,1119883.0
100,2016,185,cookie,H,11710078.0,2587319,4077732,34011.0,1119883.0
101,2016,185,cookie,Others,82810792.0,5028192,40575423,34011.0,1119883.0
102,2016,185,cookie,Private Label,49990745.0,2383452,48473732,34011.0,1119883.0
103,2016,186,pollock,A,263073553.0,15290799,176463091,34011.0,1119883.0
104,2016,186,pollock,B,597466305.0,40017752,446953179,34011.0,1119883.0
105,2016,186,pollock,D,150956852.0,9656692,119820758,34011.0,1119883.0
106,2016,186,pollock,F,26284070.0,700796,10547737,34011.0,1119883.0
107,2016,186,pollock,H,11710078.0,2587319,4077732,34011.0,1119883.0
108,2016,186,pollock,Others,568808644.0,23244468,243069020,34011.0,1119883.0
109,2016,186,pollock,Private Label,67858207.0,3287008,57342787,34011.0,1119883.0
110,2016,187,blueberry,A,104815255.0,4705051,68625139,19377.0,1310442.0
111,2016,187,blueberry,B,1187756.0,38245,573632,19377.0,1310442.0
112,2016,187,blueberry,F,26262388.0,700140,10536592,19377.0,1310442.0
113,2016,187,blueberry,H,91313.0,1875,65564,19377.0,1310442.0
114,2016,187,blueberry,Others,520587705.0,19992138,218612683,19377.0,1310442.0
115,2016,187,blueberry,Private Label,17867462.0,903556,8869055,19377.0,1310442.0
116,2016,191,bone health,Others,23147.0,1380,266,26313.0,4311.0
117,2016,192,prebiotic,Others,4986869.0,381903,858466,1556.0,40733.0
118,2016,193,poultry,A,3677868.0,166201,1591826,403.0,210.0
119,2016,193,poultry,B,602383.0,35056,154739,403.0,210.0
120,2016,193,poultry,Others,14950141.0,838366,6977998,403.0,210.0
121,2016,207,energy/alertness,H,203356.0,65957,53217,6106.0,326833.0
122,2016,207,energy/alertness,Others,2900207.0,443072,487901,6106.0,326833.0
123,2016,207,energy/alertness,Private Label,22575.0,10949,3147,6106.0,326833.0
124,2016,220,herbs,A,42552496.0,1216678,33596282,1193.0,1119883.0
125,2016,220,herbs,F,27930.0,1213,8500,1193.0,1119883.0
126,2016,220,herbs,H,91313.0,1875,65564,1193.0,1119883.0
127,2016,220,herbs,Others,34589853.0,1775862,16119086,1193.0,1119883.0
128,2016,222,pizza,A,200810794.0,11802426,141434234,34011.0,1119883.0
129,2016,222,pizza,B,596278549.0,39979507,446379547,34011.0,1119883.0
130,2016,222,pizza,D,150956852.0,9656692,119820758,34011.0,1119883.0
131,2016,222,pizza,F,49612.0,1869,19645,34011.0,1119883.0
132,2016,222,pizza,H,11710078.0,2587319,4077732,34011.0,1119883.0
133,2016,222,pizza,Others,82810792.0,5028192,40575423,34011.0,1119883.0
134,2016,222,pizza,Private Label,49990745.0,2383452,48473732,34011.0,1119883.0
135,2016,224,american southwest style,A,104815255.0,4705051,68625139,34011.0,1119883.0
136,2016,224,american southwest style,B,1187756.0,38245,573632,34011.0,1119883.0
137,2016,224,american southwest style,F,26262388.0,700140,10536592,34011.0,1119883.0
138,2016,224,american southwest style,H,91313.0,1875,65564,34011.0,1119883.0
139,2016,224,american southwest style,Others,520587705.0,19992138,218612683,34011.0,1119883.0
140,2016,224,american southwest style,Private Label,17867462.0,903556,8869055,34011.0,1119883.0
141,2016,227,salmon,A,379440254.0,40204904,266830169,24194.0,128306.0
142,2016,227,salmon,B,26241098.0,3825359,12805521,24194.0,128306.0
143,2016,227,salmon,D,70298459.0,11922510,95644336,24194.0,128306.0
144,2016,227,salmon,F,6181502.0,166981,2595093,24194.0,128306.0
145,2016,227,salmon,H,9827813.0,3335402,3795078,24194.0,128306.0
146,2016,227,salmon,Others,68857596.0,8899531,28847701,24194.0,128306.0
147,2016,227,salmon,Private Label,67594885.0,8352757,110607062,24194.0,128306.0
148,2016,228,beef hamburger,A,35191.0,1634,1600,4177.0,411804.0
149,2016,228,beef hamburger,Others,1455071.0,119659,281482,4177.0,411804.0
150,2016,287,tilapia,A,2648905.0,901148,1022367,34011.0,1119883.0
151,2016,287,tilapia,Others,295329.0,93134,65501,34011.0,1119883.0
152,2016,384,mackerel,Others,60968.0,1088,7268,9048.0,1119883.0
153,2016,385,peanut,Others,1261770.0,71259,240347,45.0,1119883.0
154,2016,393,sea salt,Others,78065.0,1183,9461,4811.0,1119883.0
155,2016,430,soy foods,A,328703670.0,83958689,274629715,3470.0,133301.0
156,2016,430,soy foods,B,135537207.0,10406890,68538096,3470.0,133301.0
157,2016,430,soy foods,D,48080475.0,7769661,45578371,3470.0,133301.0
158,2016,430,soy foods,F,40886100.0,1646757,13084700,3470.0,133301.0
159,2016,430,soy foods,H,65269013.0,8430485,21414855,3470.0,133301.0
160,2016,430,soy foods,Others,23006972.0,1239623,9388697,3470.0,133301.0
161,2016,430,soy foods,Private Label,5673713.0,748706,4572299,3470.0,133301.0
162,2016,432,apple cinnamon,A,324976303.0,29737972,194882501,34011.0,1119883.0
163,2016,432,apple cinnamon,B,374591095.0,42425233,106557712,34011.0,1119883.0
164,2016,432,apple cinnamon,D,185350114.0,23813735,88891720,34011.0,1119883.0
165,2016,432,apple cinnamon,F,292192615.0,17999169,101173167,34011.0,1119883.0
166,2016,432,apple cinnamon,H,89607642.0,11400316,48138254,34011.0,1119883.0
167,2016,432,apple cinnamon,Others,888292304.0,87373612,399127913,34011.0,1119883.0
168,2016,432,apple cinnamon,Private Label,98238698.0,8370760,60916145,34011.0,1119883.0
169,2016,433,gingerbread,A,1621157.0,102275,990983,17907.0,1119883.0
170,2016,433,gingerbread,B,17390045.0,924087,8254818,17907.0,1119883.0
171,2016,433,gingerbread,D,266244.0,7553,147237,17907.0,1119883.0
172,2016,433,gingerbread,F,2543490.0,86943,788968,17907.0,1119883.0
173,2016,433,gingerbread,H,7334735.0,3462577,2753206,17907.0,1119883.0
174,2016,433,gingerbread,Others,11806922.0,571303,6087123,17907.0,1119883.0
175,2016,437,vegetarian,B,5938699.0,479431,2624271,53808.0,1067266.0
176,2016,437,vegetarian,H,1835.0,287,95,53808.0,1067266.0
177,2016,437,vegetarian,Others,8721269.0,485478,4232445,53808.0,1067266.0
178,2016,438,ethnic & exotic,A,147816588.0,5861815,98686146,92474.0,4311714.0
179,2016,438,ethnic & exotic,B,156073039.0,7963787,83945593,92474.0,4311714.0
180,2016,438,ethnic & exotic,D,26682978.0,2217211,9891031,92474.0,4311714.0
181,2016,438,ethnic & exotic,F,100311728.0,3150729,44986601,92474.0,4311714.0
182,2016,438,ethnic & exotic,H,65500948.0,2421991,47155765,92474.0,4311714.0
183,2016,438,ethnic & exotic,Others,260900719.0,14615711,105432555,92474.0,4311714.0
184,2016,438,ethnic & exotic,Private Label,3.0,3,3,92474.0,4311714.0
185,2017,0,No Claim,A,6214721570.0,2645564671,6344510154,34011.0,1119883.0
186,2017,0,No Claim,B,2586263476.0,880726058,2016403452,34011.0,1119883.0
187,2017,0,No Claim,D,1989971755.0,581194783,1618125106,34011.0,1119883.0
188,2017,0,No Claim,E,507918702.0,53384671,914126867,34011.0,1119883.0
189,2017,0,No Claim,F,33937575.0,3597305,26935623,34011.0,1119883.0
190,2017,0,No Claim,G,514614362.0,49648464,1094008562,34011.0,1119883.0
191,2017,0,No Claim,H,299774918.0,51599157,159851629,34011.0,1119883.0
192,2017,0,No Claim,Others,1409761847.0,240806113,935139675,34011.0,1119883.0
193,2017,0,No Claim,Private Label,1930867671.0,485172219,2845948332,34011.0,1119883.0
194,2017,8,low carb,A,660369211.0,147705972,218558738,120414.0,1923555.0
195,2017,8,low carb,B,183128638.0,42507521,61502684,120414.0,1923555.0
196,2017,8,low carb,D,538579114.0,63573150,214584888,120414.0,1923555.0
197,2017,8,low carb,F,680654633.0,69511641,218207309,120414.0,1923555.0
198,2017,8,low carb,H,4245085.0,968744,1233342,120414.0,1923555.0
199,2017,8,low carb,Others,2412431080.0,295654166,805478857,120414.0,1923555.0
200,2017,8,low carb,Private Label,359621822.0,60810919,199078362,120414.0,1923555.0
201,2017,15,beans,A,445922.0,27654,152122,2516.0,1119883.0
202,2017,15,beans,D,855174.0,20380,334790,2516.0,1119883.0
203,2017,15,beans,Others,56638905.0,3343594,12049775,2516.0,1119883.0
204,2017,15,beans,Private Label,85996.0,8299,3111,2516.0,1119883.0
205,2017,16,cocoa,Others,7445577.0,3318540,1332474,34011.0,1119883.0
206,2017,32,stroganoff,A,448282996.0,78450961,211766350,34011.0,1119883.0
207,2017,32,stroganoff,B,358460422.0,25901640,182096989,34011.0,1119883.0
208,2017,32,stroganoff,D,591228143.0,52286221,374801116,34011.0,1119883.0
209,2017,32,stroganoff,F,1132700015.0,103571492,425181533,34011.0,1119883.0
210,2017,32,stroganoff,H,146114853.0,8395506,54949759,34011.0,1119883.0
211,2017,32,stroganoff,Others,652718112.0,87504700,200537588,34011.0,1119883.0
212,2017,38,cumin,Others,21672.0,1959,975,1710.0,1119883.0
213,2017,39,high/source of protein,A,14424514.0,1944317,5659300,1748.0,12238.0
214,2017,39,high/source of protein,B,41400.0,21530,17759,1748.0,12238.0
215,2017,39,high/source of protein,Others,39511303.0,1503737,20453159,1748.0,12238.0
216,2017,40,no additives/preservatives,A,481675936.0,76949412,179155621,7719.0,747.0
217,2017,40,no additives/preservatives,B,665686303.0,50565716,409547286,7719.0,747.0
218,2017,40,no additives/preservatives,D,375413112.0,50005228,173180174,7719.0,747.0
219,2017,40,no additives/preservatives,F,1247529260.0,113257033,458378139,7719.0,747.0
220,2017,40,no additives/preservatives,H,4171636.0,246204,1626322,7719.0,747.0
221,2017,40,no additives/preservatives,Others,1044076008.0,110555766,302143858,7719.0,747.0
222,2017,40,no additives/preservatives,Private Label,16285779.0,7140139,11198972,7719.0,747.0
223,2017,58,buckwheat,A,44224379.0,7363101,5955166,34011.0,1119883.0
224,2017,58,buckwheat,B,38066020.0,21639492,13447500,34011.0,1119883.0
225,2017,58,buckwheat,D,56655451.0,6801563,16718997,34011.0,1119883.0
226,2017,58,buckwheat,F,6043074.0,2822156,926149,34011.0,1119883.0
227,2017,58,buckwheat,H,749069.0,142102,58897,34011.0,1119883.0
228,2017,58,buckwheat,Others,208580849.0,31512997,53688344,34011.0,1119883.0
229,2017,58,buckwheat,Private Label,16226724.0,7606341,8652825,34011.0,1119883.0
230,2017,73,brown ale,A,1183195.0,83967,264624,34011.0,1119883.0
231,2017,73,brown ale,H,25532.0,26336,5620,34011.0,1119883.0
232,2017,73,brown ale,Others,24243072.0,4717012,8322560,34011.0,1119883.0
233,2017,73,brown ale,Private Label,636553.0,69349,197644,34011.0,1119883.0
234,2017,75,french bisque,A,2085785.0,1550742,260612,33508.0,513213.0
235,2017,75,french bisque,B,8088360.0,4740724,3067609,33508.0,513213.0
236,2017,75,french bisque,D,25778533.0,7028201,3268412,33508.0,513213.0
237,2017,75,french bisque,F,111267.0,44316,34625,33508.0,513213.0
238,2017,75,french bisque,Others,37507842.0,7856144,10621364,33508.0,513213.0
239,2017,81,gmo free,A,7517772.0,2390627,4048005,29477.0,315126.0
240,2017,81,gmo free,B,5080725.0,519806,1971769,29477.0,315126.0
241,2017,81,gmo free,F,634738776.0,50904788,219846413,29477.0,315126.0
242,2017,81,gmo free,H,112468.0,12800,33935,29477.0,315126.0
243,2017,81,gmo free,Others,351861239.0,26784999,162896377,29477.0,315126.0
244,2017,81,gmo free,Private Label,30192.0,2702,11755,29477.0,315126.0
245,2017,100,low calorie,Others,205455718.0,5446551,58881924,3644.0,284424.0
246,2017,101,peach,Others,1157464.0,126849,310982,195.0,17.0
247,2017,120,crab,A,8055698.0,424121,1880287,2979.0,27095.0
248,2017,120,crab,F,35093303.0,852151,19620623,2979.0,27095.0
249,2017,120,crab,Others,180358470.0,9427164,32307915,2979.0,27095.0
250,2017,120,crab,Private Label,16.0,14,11,2979.0,27095.0
251,2017,125,nuts,Others,11203960.0,645867,1898249,31054.0,3.0
252,2017,125,nuts,Private Label,86.0,17,6,31054.0,3.0
253,2017,142,convenience - easy-to-prepare,Others,3669431.0,203240,409577,209954.0,1802.0
254,2017,145,scallop,Others,12264459.0,1100897,642965,367.0,1119883.0
255,2017,147,american gumbo,A,1055864.0,86402,273099,58695.0,1119883.0
256,2017,147,american gumbo,F,6876547.0,1029149,882868,58695.0,1119883.0
257,2017,147,american gumbo,H,96321.0,16506,8258,58695.0,1119883.0
258,2017,147,american gumbo,Others,6967401.0,2546053,1035602,58695.0,1119883.0
259,2017,147,american gumbo,Private Label,6266681.0,2103115,1287819,58695.0,1119883.0
260,2017,148,tuna,A,209.0,72,45,2300.0,120820.0
261,2017,151,low sodium,A,17242731.0,872273,8163689,42147.0,1925375.0
262,2017,151,low sodium,B,11069519.0,716905,2454022,42147.0,1925375.0
263,2017,151,low sodium,F,8262177.0,765001,2451857,42147.0,1925375.0
264,2017,151,low sodium,Others,110242504.0,6123576,65812269,42147.0,1925375.0
265,2017,151,low sodium,Private Label,1089911.0,306911,198557,42147.0,1925375.0
266,2017,152,low sugar,A,1063411.0,658411,86418,9131.0,758039.0
267,2017,152,low sugar,B,34.0,1,15,9131.0,758039.0
268,2017,152,low sugar,H,59658.0,11279,6199,9131.0,758039.0
269,2017,152,low sugar,Others,4392412.0,777312,1453955,9131.0,758039.0
270,2017,152,low sugar,Private Label,180227.0,34504,32307,9131.0,758039.0
271,2017,158,chicken,A,11882160.0,1187966,5542093,41490.0,3367293.0
272,2017,158,chicken,B,1459193.0,156361,128492,41490.0,3367293.0
273,2017,158,chicken,D,3973302.0,1667856,693816,41490.0,3367293.0
274,2017,158,chicken,F,2941068.0,498547,507173,41490.0,3367293.0
275,2017,158,chicken,H,155617.0,23999,12003,41490.0,3367293.0
276,2017,158,chicken,Others,52480341.0,13671041,11908616,41490.0,3367293.0
277,2017,158,chicken,Private Label,5028472.0,1010127,2351440,41490.0,3367293.0
278,2017,163,ethical - packaging,B,58929376.0,1808793,26090894,5046.0,423.0
279,2017,163,ethical - packaging,F,1952013.0,62640,680539,5046.0,423.0
280,2017,163,ethical - packaging,Others,1087661.0,132043,335136,5046.0,423.0
281,2017,171,cherry,Others,453140.0,104245,19779,1014.0,1119883.0
282,2017,178,red raspberry,B,1445600.0,1140785,1568595,983.0,1119883.0
283,2017,178,red raspberry,Private Label,61.0,29,20,983.0,1119883.0
284,2017,185,cookie,A,202255621.0,11337546,139001206,34011.0,1119883.0
285,2017,185,cookie,B,558715937.0,36064846,418823165,34011.0,1119883.0
286,2017,185,cookie,D,188863591.0,12910658,152742145,34011.0,1119883.0
287,2017,185,cookie,F,809912.0,51120,258877,34011.0,1119883.0
288,2017,185,cookie,H,11657471.0,1889081,4120010,34011.0,1119883.0
289,2017,185,cookie,Others,86972670.0,6507479,40951059,34011.0,1119883.0
290,2017,185,cookie,Private Label,55274194.0,2399788,48301977,34011.0,1119883.0
291,2017,186,pollock,A,273328116.0,15683919,176144007,34011.0,1119883.0
292,2017,186,pollock,B,559727343.0,36096818,419302801,34011.0,1119883.0
293,2017,186,pollock,D,188863591.0,12910658,152742145,34011.0,1119883.0
294,2017,186,pollock,F,23029945.0,644802,9074996,34011.0,1119883.0
295,2017,186,pollock,H,11657471.0,1889081,4120010,34011.0,1119883.0
296,2017,186,pollock,Others,615252717.0,26668623,264537113,34011.0,1119883.0
297,2017,186,pollock,Private Label,96960721.0,4653409,73742233,34011.0,1119883.0
298,2017,187,blueberry,A,119802030.0,5665815,75912751,19433.0,1391932.0
299,2017,187,blueberry,B,1011406.0,31972,479636,19433.0,1391932.0
300,2017,187,blueberry,F,22259691.0,595285,8827392,19433.0,1391932.0
301,2017,187,blueberry,H,299395.0,5942,208026,19433.0,1391932.0
302,2017,187,blueberry,Others,569956795.0,22416079,242480670,19433.0,1391932.0
303,2017,187,blueberry,Private Label,41686527.0,2253621,25440256,19433.0,1391932.0
304,2017,191,bone health,Others,43157.0,2028,528,149068.0,7037.0
305,2017,192,prebiotic,Others,2662971.0,363254,328816,2165.0,44056.0
306,2017,193,poultry,A,4703857.0,192953,2004227,669.0,2201.0
307,2017,193,poultry,B,439566.0,24136,72409,669.0,2201.0
308,2017,193,poultry,Others,8547461.0,704490,4001401,669.0,2201.0
309,2017,207,energy/alertness,H,104674.0,37312,30397,10182.0,262096.0
310,2017,207,energy/alertness,Others,3082043.0,548730,524504,10182.0,262096.0
311,2017,207,energy/alertness,Private Label,140450.0,47097,15421,10182.0,262096.0
312,2017,220,herbs,A,48729535.0,1319442,38769950,1216.0,1119883.0
313,2017,220,herbs,F,39658.0,1603,11273,1216.0,1119883.0
314,2017,220,herbs,H,299395.0,5942,208026,1216.0,1119883.0
315,2017,220,herbs,Others,41676748.0,2254935,18894616,1216.0,1119883.0
316,2017,222,pizza,A,202255621.0,11337546,139001206,34011.0,1119883.0
317,2017,222,pizza,B,558715937.0,36064846,418823165,34011.0,1119883.0
318,2017,222,pizza,D,188863591.0,12910658,152742145,34011.0,1119883.0
319,2017,222,pizza,F,809912.0,51120,258877,34011.0,1119883.0
320,2017,222,pizza,H,11657471.0,1889081,4120010,34011.0,1119883.0
321,2017,222,pizza,Others,86972670.0,6507479,40951059,34011.0,1119883.0
322,2017,222,pizza,Private Label,55274194.0,2399788,48301977,34011.0,1119883.0
323,2017,224,american southwest style,A,119802030.0,5665815,75912751,34011.0,1119883.0
324,2017,224,american southwest style,B,1011406.0,31972,479636,34011.0,1119883.0
325,2017,224,american southwest style,F,22259691.0,595285,8827392,34011.0,1119883.0
326,2017,224,american southwest style,H,299395.0,5942,208026,34011.0,1119883.0
327,2017,224,american southwest style,Others,569956795.0,22416079,242480670,34011.0,1119883.0
328,2017,224,american southwest style,Private Label,41686527.0,2253621,25440256,34011.0,1119883.0
329,2017,227,salmon,A,392198605.0,38609587,277648210,48133.0,161591.0
330,2017,227,salmon,B,21983221.0,2619244,9254389,48133.0,161591.0
331,2017,227,salmon,D,57726723.0,12371888,76375216,48133.0,161591.0
332,2017,227,salmon,F,7836394.0,203440,3270548,48133.0,161591.0
333,2017,227,salmon,H,6622047.0,1966013,2495782,48133.0,161591.0
334,2017,227,salmon,Others,60747994.0,10458588,23373571,48133.0,161591.0
335,2017,227,salmon,Private Label,72497759.0,11639218,113093501,48133.0,161591.0
336,2017,228,beef hamburger,A,57262.0,4773,2699,12956.0,445522.0
337,2017,228,beef hamburger,Others,912129.0,141453,138216,12956.0,445522.0
338,2017,287,tilapia,A,1396630.0,477481,360339,34011.0,1119883.0
339,2017,287,tilapia,Others,646878.0,166583,136031,34011.0,1119883.0
340,2017,384,mackerel,Others,179416.0,6286,17566,11431.0,587.0
341,2017,385,peanut,Others,2520880.0,143995,528201,49.0,1119883.0
342,2017,393,sea salt,Others,130968.0,1822,14618,8445.0,62.0
343,2017,430,soy foods,A,341802314.0,94695048,282899559,3828.0,160010.0
344,2017,430,soy foods,B,131909726.0,10330389,66857207,3828.0,160010.0
345,2017,430,soy foods,D,44928085.0,7376916,43674671,3828.0,160010.0
346,2017,430,soy foods,F,37520204.0,1527424,11699169,3828.0,160010.0
347,2017,430,soy foods,H,60359420.0,7843568,19899784,3828.0,160010.0
348,2017,430,soy foods,Others,17401998.0,1002557,7597655,3828.0,160010.0
349,2017,430,soy foods,Private Label,9234815.0,1254514,9253154,3828.0,160010.0
350,2017,432,apple cinnamon,A,328790148.0,32102147,186991004,34011.0,1119883.0
351,2017,432,apple cinnamon,B,324938794.0,34048609,80794882,34011.0,1119883.0
352,2017,432,apple cinnamon,D,214579703.0,29444119,107350020,34011.0,1119883.0
353,2017,432,apple cinnamon,F,254227192.0,15672763,88273029,34011.0,1119883.0
354,2017,432,apple cinnamon,H,43948925.0,6121547,21315942,34011.0,1119883.0
355,2017,432,apple cinnamon,Others,902760048.0,87362018,410029811,34011.0,1119883.0
356,2017,432,apple cinnamon,Private Label,93876937.0,8634993,61015448,34011.0,1119883.0
357,2017,433,gingerbread,A,1939576.0,110862,1165409,26406.0,1119883.0
358,2017,433,gingerbread,B,12477352.0,592566,5247811,26406.0,1119883.0
359,2017,433,gingerbread,D,246422.0,8186,128746,26406.0,1119883.0
360,2017,433,gingerbread,F,2961321.0,99504,860672,26406.0,1119883.0
361,2017,433,gingerbread,H,4412015.0,1949153,1577131,26406.0,1119883.0
362,2017,433,gingerbread,Others,11318037.0,704356,5237404,26406.0,1119883.0
363,2017,437,vegetarian,B,6771520.0,562536,2972445,123692.0,985261.0
364,2017,437,vegetarian,H,6244.0,531,392,123692.0,985261.0
365,2017,437,vegetarian,Others,11656488.0,577933,5823079,123692.0,985261.0
366,2017,438,ethnic & exotic,A,153682977.0,6021324,101164126,157611.0,3803476.0
367,2017,438,ethnic & exotic,B,130390267.0,6637425,67957193,157611.0,3803476.0
368,2017,438,ethnic & exotic,D,56376940.0,4529889,26410252,157611.0,3803476.0
369,2017,438,ethnic & exotic,F,87702467.0,2822623,38711281,157611.0,3803476.0
370,2017,438,ethnic & exotic,H,56283146.0,1975740,40226657,157611.0,3803476.0
371,2017,438,ethnic & exotic,Others,267567268.0,15159886,104310509,157611.0,3803476.0
372,2018,0,No Claim,A,6020954126.0,2583107670,6113170304,34011.0,1119883.0
373,2018,0,No Claim,B,2612710797.0,843796496,2064450683,34011.0,1119883.0
374,2018,0,No Claim,D,1881340102.0,485762501,1523709787,34011.0,1119883.0
375,2018,0,No Claim,E,522641719.0,54062243,939929530,34011.0,1119883.0
376,2018,0,No Claim,F,31729435.0,3506017,21954682,34011.0,1119883.0
377,2018,0,No Claim,G,530197598.0,48167868,1053376560,34011.0,1119883.0
378,2018,0,No Claim,H,293823830.0,47710133,147718530,34011.0,1119883.0
379,2018,0,No Claim,Others,1472144251.0,254406501,891186601,34011.0,1119883.0
380,2018,0,No Claim,Private Label,1978372447.0,475157661,2742132972,34011.0,1119883.0
381,2018,8,low carb,A,701990329.0,149093061,236675833,168008.0,3440975.0
382,2018,8,low carb,B,221494351.0,50170798,65915617,168008.0,3440975.0
383,2018,8,low carb,D,596828020.0,76124271,231155658,168008.0,3440975.0
384,2018,8,low carb,F,589481820.0,68850852,186669683,168008.0,3440975.0
385,2018,8,low carb,H,4822095.0,1265641,1398338,168008.0,3440975.0
386,2018,8,low carb,Others,2738270602.0,322395896,878256431,168008.0,3440975.0
387,2018,8,low carb,Private Label,490180213.0,83699282,272583709,168008.0,3440975.0
388,2018,15,beans,A,110134.0,8331,45842,3365.0,1119883.0
389,2018,15,beans,D,197.0,13,238,3365.0,1119883.0
390,2018,15,beans,Others,98313026.0,5558238,26941557,3365.0,1119883.0
391,2018,15,beans,Private Label,58828.0,6371,2395,3365.0,1119883.0
392,2018,16,cocoa,Others,8550326.0,4072225,1872594,34011.0,1119883.0
393,2018,32,stroganoff,A,444094789.0,75733254,210962129,34011.0,1119883.0
394,2018,32,stroganoff,B,385835550.0,28631420,183586061,34011.0,1119883.0
395,2018,32,stroganoff,D,688880445.0,63136138,431226892,34011.0,1119883.0
396,2018,32,stroganoff,F,1104266173.0,121075348,405355553,34011.0,1119883.0
397,2018,32,stroganoff,H,149838488.0,7817677,53792452,34011.0,1119883.0
398,2018,32,stroganoff,Others,698555525.0,92586821,198336229,34011.0,1119883.0
399,2018,38,cumin,Others,22399.0,2205,1027,2096.0,1119883.0
400,2018,39,high/source of protein,A,11783211.0,1697722,4395525,1573.0,18826.0
401,2018,39,high/source of protein,Others,55413994.0,2464430,26952878,1573.0,18826.0
402,2018,40,no additives/preservatives,A,436693691.0,69661097,155839838,6812.0,727.0
403,2018,40,no additives/preservatives,B,621864336.0,47965137,355201563,6812.0,727.0
404,2018,40,no additives/preservatives,D,416373796.0,54771819,191935223,6812.0,727.0
405,2018,40,no additives/preservatives,F,1194433477.0,128858218,433474293,6812.0,727.0
406,2018,40,no additives/preservatives,H,5116971.0,300716,1811369,6812.0,727.0
407,2018,40,no additives/preservatives,Others,1133607538.0,120045972,306369349,6812.0,727.0
408,2018,40,no additives/preservatives,Private Label,20823213.0,7117150,10516246,6812.0,727.0
409,2018,58,buckwheat,A,48385211.0,6990544,6837930,34011.0,1119883.0
410,2018,58,buckwheat,B,40614485.0,24239312,10154830,34011.0,1119883.0
411,2018,58,buckwheat,D,57092975.0,6829086,14156275,34011.0,1119883.0
412,2018,58,buckwheat,F,3805504.0,2184515,571107,34011.0,1119883.0
413,2018,58,buckwheat,H,1054541.0,179449,73999,34011.0,1119883.0
414,2018,58,buckwheat,Others,229677903.0,34705416,58010604,34011.0,1119883.0
415,2018,58,buckwheat,Private Label,21604190.0,8375685,9369673,34011.0,1119883.0
416,2018,65,ethical - not specific,Others,43290.0,1823,5466,23947.0,217988.0
417,2018,73,brown ale,A,1608023.0,326848,386719,34011.0,1119883.0
418,2018,73,brown ale,B,7.0,6,1,34011.0,1119883.0
419,2018,73,brown ale,H,269.0,244,44,34011.0,1119883.0
420,2018,73,brown ale,Others,28712400.0,5587552,8973208,34011.0,1119883.0
421,2018,73,brown ale,Private Label,1147.0,201,576,34011.0,1119883.0
422,2018,75,french bisque,A,2878123.0,1927927,471095,37129.0,718162.0
423,2018,75,french bisque,B,6275547.0,3419137,2244357,37129.0,718162.0
424,2018,75,french bisque,D,31370591.0,8088952,4013613,37129.0,718162.0
425,2018,75,french bisque,F,14437.0,7020,5485,37129.0,718162.0
426,2018,75,french bisque,Others,48002229.0,10432221,13135279,37129.0,718162.0
427,2018,75,french bisque,Private Label,13102.0,11780,2260,37129.0,718162.0
428,2018,81,gmo free,A,4710680.0,1610839,2026244,19512.0,344382.0
429,2018,81,gmo free,B,3582369.0,347224,1412600,19512.0,344382.0
430,2018,81,gmo free,F,616990334.0,55498125,216496845,19512.0,344382.0
431,2018,81,gmo free,H,66663.0,5304,19288,19512.0,344382.0
432,2018,81,gmo free,Others,361653011.0,29994607,160853671,19512.0,344382.0
433,2018,81,gmo free,Private Label,817315.0,60219,436437,19512.0,344382.0
434,2018,100,low calorie,Others,251570175.0,5924578,67516872,7461.0,302516.0
435,2018,101,peach,Others,1776968.0,153091,651273,329.0,1119883.0
436,2018,120,crab,A,16311767.0,807982,3699188,17392.0,66521.0
437,2018,120,crab,F,25674881.0,574493,14847595,17392.0,66521.0
438,2018,120,crab,Others,203816228.0,10833014,32616033,17392.0,66521.0
439,2018,120,crab,Private Label,141835.0,12770,11575,17392.0,66521.0
440,2018,125,nuts,Others,13323148.0,747762,2121660,38667.0,1119883.0
441,2018,142,convenience - easy-to-prepare,Others,5659718.0,419927,1032572,251865.0,1194.0
442,2018,145,scallop,Others,15777856.0,1432248,825574,542.0,1119883.0
443,2018,147,american gumbo,A,688943.0,45694,184390,36102.0,1119883.0
444,2018,147,american gumbo,B,274941.0,49600,13949,36102.0,1119883.0
445,2018,147,american gumbo,F,8373588.0,1396938,1346117,36102.0,1119883.0
446,2018,147,american gumbo,H,301316.0,50142,25071,36102.0,1119883.0
447,2018,147,american gumbo,Others,7390888.0,2681965,1120485,36102.0,1119883.0
448,2018,147,american gumbo,Private Label,6028857.0,1251286,1248506,36102.0,1119883.0
449,2018,151,low sodium,A,21210598.0,1209474,8762861,22905.0,2337315.0
450,2018,151,low sodium,B,13404114.0,730302,2268911,22905.0,2337315.0
451,2018,151,low sodium,F,5424484.0,508521,1612431,22905.0,2337315.0
452,2018,151,low sodium,Others,116464074.0,7234602,66147413,22905.0,2337315.0
453,2018,151,low sodium,Private Label,2019884.0,497052,371707,22905.0,2337315.0
454,2018,152,low sugar,A,1046647.0,635279,83374,7997.0,850272.0
455,2018,152,low sugar,H,6782.0,1259,693,7997.0,850272.0
456,2018,152,low sugar,Others,10949601.0,2292770,2509252,7997.0,850272.0
457,2018,152,low sugar,Private Label,77262.0,15170,25119,7997.0,850272.0
458,2018,158,chicken,A,7664917.0,632784,3675167,40811.0,3613082.0
459,2018,158,chicken,B,1447184.0,311397,138806,40811.0,3613082.0
460,2018,158,chicken,D,6608574.0,2268981,1215199,40811.0,3613082.0
461,2018,158,chicken,F,5297904.0,1055909,969664,40811.0,3613082.0
462,2018,158,chicken,H,186836.0,30253,15125,40811.0,3613082.0
463,2018,158,chicken,Others,67241297.0,15626392,15884673,40811.0,3613082.0
464,2018,158,chicken,Private Label,5847388.0,1166408,2754094,40811.0,3613082.0
465,2018,163,ethical - packaging,B,46815576.0,1390529,21215801,5239.0,1098.0
466,2018,163,ethical - packaging,F,1685775.0,90788,1123413,5239.0,1098.0
467,2018,163,ethical - packaging,Others,1481146.0,259243,279412,5239.0,1098.0
468,2018,171,cherry,Others,341459.0,85014,15361,1500.0,1119883.0
469,2018,178,red raspberry,B,1012874.0,723575,994922,1018.0,1119883.0
470,2018,178,red raspberry,Private Label,2.0,1,1,1018.0,1119883.0
471,2018,185,cookie,A,207558541.0,10624901,131366121,34011.0,1119883.0
472,2018,185,cookie,B,514488899.0,32421975,379876377,34011.0,1119883.0
473,2018,185,cookie,D,209673389.0,14192097,172299673,34011.0,1119883.0
474,2018,185,cookie,F,4570947.0,295606,1480528,34011.0,1119883.0
475,2018,185,cookie,H,13911302.0,1520353,4691997,34011.0,1119883.0
476,2018,185,cookie,Others,109416316.0,8434167,51135026,34011.0,1119883.0
477,2018,185,cookie,Private Label,56444437.0,2483056,46095551,34011.0,1119883.0
478,2018,186,pollock,A,287011971.0,14947756,168590130,34011.0,1119883.0
479,2018,186,pollock,B,515194745.0,32444746,380217953,34011.0,1119883.0
480,2018,186,pollock,D,212318955.0,14492204,173635099,34011.0,1119883.0
481,2018,186,pollock,F,22946724.0,783350,8755788,34011.0,1119883.0
482,2018,186,pollock,H,13911302.0,1520353,4691997,34011.0,1119883.0
483,2018,186,pollock,Others,686764295.0,30287141,289553580,34011.0,1119883.0
484,2018,186,pollock,Private Label,174213661.0,7929353,116981149,34011.0,1119883.0
485,2018,187,blueberry,A,124580240.0,5411539,66706076,22537.0,1824466.0
486,2018,187,blueberry,B,705846.0,22771,341576,22537.0,1824466.0
487,2018,187,blueberry,D,2645566.0,300107,1335426,22537.0,1824466.0
488,2018,187,blueberry,F,18416352.0,489395,7286810,22537.0,1824466.0
489,2018,187,blueberry,Others,635115898.0,24652501,263878933,22537.0,1824466.0
490,2018,187,blueberry,Private Label,117769224.0,5446297,70885598,22537.0,1824466.0
491,2018,191,bone health,Others,938025.0,61631,12227,249659.0,296767.0
492,2018,192,prebiotic,Others,3687065.0,440171,406406,3450.0,77236.0
493,2018,193,poultry,A,7121030.0,268963,2704669,664.0,2529.0
494,2018,193,poultry,B,499724.0,24865,74608,664.0,2529.0
495,2018,193,poultry,Others,5715975.0,661080,2237265,664.0,2529.0
496,2018,207,energy/alertness,H,66491.0,21921,18596,11709.0,327636.0
497,2018,207,energy/alertness,Others,2564409.0,520009,306707,11709.0,327636.0
498,2018,207,energy/alertness,Private Label,328003.0,100451,32857,11709.0,327636.0
499,2018,211,halal,Others,97173.0,29589,14798,1445.0,9189.0
500,2018,220,herbs,A,45126810.0,1088684,29482067,1405.0,1119883.0
501,2018,220,herbs,F,40575.0,1651,11550,1405.0,1119883.0
502,2018,220,herbs,Others,57767919.0,2799527,25460379,1405.0,1119883.0
503,2018,222,pizza,A,207558541.0,10624901,131366121,34011.0,1119883.0
504,2018,222,pizza,B,514488899.0,32421975,379876377,34011.0,1119883.0
505,2018,222,pizza,D,209673389.0,14192097,172299673,34011.0,1119883.0
506,2018,222,pizza,F,4570947.0,295606,1480528,34011.0,1119883.0
507,2018,222,pizza,H,13911302.0,1520353,4691997,34011.0,1119883.0
508,2018,222,pizza,Others,109416316.0,8434167,51135026,34011.0,1119883.0
509,2018,222,pizza,Private Label,56444437.0,2483056,46095551,34011.0,1119883.0
510,2018,224,american southwest style,A,124580240.0,5411539,66706076,34011.0,1119883.0
511,2018,224,american southwest style,B,705846.0,22771,341576,34011.0,1119883.0
512,2018,224,american southwest style,D,2645566.0,300107,1335426,34011.0,1119883.0
513,2018,224,american southwest style,F,18416352.0,489395,7286810,34011.0,1119883.0
514,2018,224,american southwest style,Others,635115898.0,24652501,263878933,34011.0,1119883.0
515,2018,224,american southwest style,Private Label,117769224.0,5446297,70885598,34011.0,1119883.0
516,2018,227,salmon,A,397013966.0,36491588,279276444,100310.0,514004.0
517,2018,227,salmon,B,18991468.0,2205171,7154015,100310.0,514004.0
518,2018,227,salmon,D,80989374.0,15962838,111410316,100310.0,514004.0
519,2018,227,salmon,F,5433924.0,140329,2237888,100310.0,514004.0
520,2018,227,salmon,H,5893509.0,1797598,1985124,100310.0,514004.0
521,2018,227,salmon,Others,53738433.0,10634266,17923443,100310.0,514004.0
522,2018,227,salmon,Private Label,72133654.0,10672195,121623485,100310.0,514004.0
523,2018,228,beef hamburger,A,22288.0,1456,964,12524.0,404268.0
524,2018,228,beef hamburger,Others,1265031.0,283029,177660,12524.0,404268.0
525,2018,287,tilapia,A,2443042.0,656718,565006,34011.0,1119883.0
526,2018,287,tilapia,Others,484168.0,216031,115391,34011.0,1119883.0
527,2018,384,mackerel,Others,185476.0,8801,16488,9463.0,1512.0
528,2018,385,peanut,Others,2542684.0,123061,530457,123.0,1119883.0
529,2018,393,sea salt,Others,8015.0,118,941,48858.0,1119883.0
530,2018,430,soy foods,A,344502433.0,96922358,280128283,4052.0,329509.0
531,2018,430,soy foods,B,127987267.0,10195251,63447319,4052.0,329509.0
532,2018,430,soy foods,D,37559546.0,6179155,34379113,4052.0,329509.0
533,2018,430,soy foods,F,32084327.0,1315093,9854351,4052.0,329509.0
534,2018,430,soy foods,H,60169042.0,7186626,18236690,4052.0,329509.0
535,2018,430,soy foods,Others,14449468.0,807565,6152156,4052.0,329509.0
536,2018,430,soy foods,Private Label,13243990.0,1868800,15236541,4052.0,329509.0
537,2018,432,apple cinnamon,A,321682179.0,29902816,170817156,34011.0,1119883.0
538,2018,432,apple cinnamon,B,302644416.0,31905671,70563144,34011.0,1119883.0
539,2018,432,apple cinnamon,D,231377697.0,34421253,118443945,34011.0,1119883.0
540,2018,432,apple cinnamon,F,204373504.0,12862046,71165880,34011.0,1119883.0
541,2018,432,apple cinnamon,H,35004025.0,6008110,11978885,34011.0,1119883.0
542,2018,432,apple cinnamon,Others,936989635.0,85730614,422057214,34011.0,1119883.0
543,2018,432,apple cinnamon,Private Label,95071652.0,9776539,61781478,34011.0,1119883.0
544,2018,433,gingerbread,A,1806187.0,93687,978509,39271.0,1119883.0
545,2018,433,gingerbread,B,11396147.0,574876,4560391,39271.0,1119883.0
546,2018,433,gingerbread,D,127612.0,4870,69888,39271.0,1119883.0
547,2018,433,gingerbread,F,2140228.0,71317,611793,39271.0,1119883.0
548,2018,433,gingerbread,H,3856444.0,1591209,1253811,39271.0,1119883.0
549,2018,433,gingerbread,Others,8260278.0,612216,3768250,39271.0,1119883.0
550,2018,437,vegetarian,A,29513.0,1580,6696,95180.0,1127001.0
551,2018,437,vegetarian,B,6484345.0,507453,3066130,95180.0,1127001.0
552,2018,437,vegetarian,H,12797.0,1103,822,95180.0,1127001.0
553,2018,437,vegetarian,Others,22969405.0,1383805,12203081,95180.0,1127001.0
554,2018,438,ethnic & exotic,A,165177327.0,5677671,101495758,121179.0,4488173.0
555,2018,438,ethnic & exotic,B,126889446.0,6553756,64267527,121179.0,4488173.0
556,2018,438,ethnic & exotic,D,72234834.0,5523316,34674876,121179.0,4488173.0
557,2018,438,ethnic & exotic,F,66919549.0,2076427,30167066,121179.0,4488173.0
558,2018,438,ethnic & exotic,H,55568026.0,2028137,37031012,121179.0,4488173.0
559,2018,438,ethnic & exotic,Others,249364663.0,14511854,94867848,121179.0,4488173.0
560,2018,438,ethnic & exotic,Private Label,189672.0,9580,88044,121179.0,4488173.0
561,2019,0,No Claim,A,4750245326.0,1885761456,4690205085,34011.0,1119883.0
562,2019,0,No Claim,B,2067060063.0,618782587,1483107422,34011.0,1119883.0
563,2019,0,No Claim,D,1436427086.0,345698461,1135983584,34011.0,1119883.0
564,2019,0,No Claim,E,417731298.0,41117447,727524049,34011.0,1119883.0
565,2019,0,No Claim,F,25500430.0,2572971,15537928,34011.0,1119883.0
566,2019,0,No Claim,G,406597032.0,35211045,728618328,34011.0,1119883.0
567,2019,0,No Claim,H,201769211.0,33359548,95035210,34011.0,1119883.0
568,2019,0,No Claim,Others,1177478458.0,204724570,666565534,34011.0,1119883.0
569,2019,0,No Claim,Private Label,1593794844.0,376812691,2097083947,34011.0,1119883.0
570,2019,8,low carb,A,538739685.0,107646052,168904109,106923.0,2534806.0
571,2019,8,low carb,B,151793520.0,38814398,42202027,106923.0,2534806.0
572,2019,8,low carb,D,452057613.0,60095868,166436722,106923.0,2534806.0
573,2019,8,low carb,F,449523347.0,61011751,136110825,106923.0,2534806.0
574,2019,8,low carb,H,5512115.0,1298709,1752777,106923.0,2534806.0
575,2019,8,low carb,Others,2129964198.0,254620736,658281561,106923.0,2534806.0
576,2019,8,low carb,Private Label,452085102.0,83029639,242607460,106923.0,2534806.0
577,2019,15,beans,A,6962.0,418,2304,2277.0,1119883.0
578,2019,15,beans,Others,109565588.0,5792441,38149224,2277.0,1119883.0
579,2019,15,beans,Private Label,50182.0,5311,1993,2277.0,1119883.0
580,2019,16,cocoa,Others,7057286.0,3639990,1703169,34011.0,1119883.0
581,2019,32,stroganoff,A,334195832.0,54818341,158330176,34011.0,1119883.0
582,2019,32,stroganoff,B,266987505.0,20517698,121524386,34011.0,1119883.0
583,2019,32,stroganoff,D,550991504.0,51363526,331951934,34011.0,1119883.0
584,2019,32,stroganoff,F,904043574.0,112471867,324616618,34011.0,1119883.0
585,2019,32,stroganoff,H,135522371.0,6260984,51880621,34011.0,1119883.0
586,2019,32,stroganoff,Others,552128542.0,71782062,153361643,34011.0,1119883.0
587,2019,38,cumin,Others,10619.0,1296,498,1415.0,1119883.0
588,2019,39,high/source of protein,A,10738656.0,1346187,3787262,1628.0,24625.0
589,2019,39,high/source of protein,Others,53634033.0,2329914,26415381,1628.0,24625.0
590,2019,40,no additives/preservatives,A,324073083.0,50883534,111482334,8848.0,215.0
591,2019,40,no additives/preservatives,B,416030758.0,32178795,228305722,8848.0,215.0
592,2019,40,no additives/preservatives,D,327870783.0,41431159,143695558,8848.0,215.0
593,2019,40,no additives/preservatives,F,982800528.0,118194185,351304884,8848.0,215.0
594,2019,40,no additives/preservatives,H,7382540.0,357124,2652102,8848.0,215.0
595,2019,40,no additives/preservatives,Others,890370746.0,91939411,237084849,8848.0,215.0
596,2019,40,no additives/preservatives,Private Label,20274742.0,6310273,8460925,8848.0,215.0
597,2019,58,buckwheat,A,41309339.0,5751529,5714234,34011.0,1119883.0
598,2019,58,buckwheat,B,32391218.0,20155529,5887219,34011.0,1119883.0
599,2019,58,buckwheat,D,45745230.0,6262611,8705314,34011.0,1119883.0
600,2019,58,buckwheat,F,5045114.0,2536185,675898,34011.0,1119883.0
601,2019,58,buckwheat,H,792535.0,147060,57635,34011.0,1119883.0
602,2019,58,buckwheat,Others,184259686.0,27619973,40258491,34011.0,1119883.0
603,2019,58,buckwheat,Private Label,21354217.0,7362639,7954970,34011.0,1119883.0
604,2019,65,ethical - not specific,Others,95382.0,3863,11585,15080.0,169563.0
605,2019,73,brown ale,A,1841589.0,445316,443320,34011.0,1119883.0
606,2019,73,brown ale,Others,19780387.0,4408297,6920366,34011.0,1119883.0
607,2019,75,french bisque,A,2175708.0,1170636,452179,22108.0,559189.0
608,2019,75,french bisque,B,5171436.0,2421262,1632671,22108.0,559189.0
609,2019,75,french bisque,D,24739099.0,6046319,3220858,22108.0,559189.0
610,2019,75,french bisque,F,1357.0,710,556,22108.0,559189.0
611,2019,75,french bisque,Others,40351592.0,9306116,10997459,22108.0,559189.0
612,2019,75,french bisque,Private Label,234486.0,191186,39646,22108.0,559189.0
613,2019,81,gmo free,A,3066841.0,1043562,1214662,10073.0,284056.0
614,2019,81,gmo free,B,1852406.0,75618,775473,10073.0,284056.0
615,2019,81,gmo free,F,541141377.0,54715384,188315480,10073.0,284056.0
616,2019,81,gmo free,H,43031.0,2063,11856,10073.0,284056.0
617,2019,81,gmo free,Others,284414734.0,23387291,128556127,10073.0,284056.0
618,2019,81,gmo free,Private Label,333992.0,26414,242115,10073.0,284056.0
619,2019,100,low calorie,Others,189347780.0,4482104,49544032,3146.0,246202.0
620,2019,101,peach,Others,1493213.0,111857,655582,178.0,12.0
621,2019,120,crab,A,11327178.0,596115,2576988,4213.0,49440.0
622,2019,120,crab,F,16363313.0,357565,9407926,4213.0,49440.0
623,2019,120,crab,Others,162535442.0,8945968,25045033,4213.0,49440.0
624,2019,120,crab,Private Label,436918.0,39704,35985,4213.0,49440.0
625,2019,125,nuts,Others,12746815.0,748293,2326679,51915.0,14.0
626,2019,142,convenience - easy-to-prepare,Others,5458516.0,415856,1314124,180837.0,460.0
627,2019,145,scallop,Others,11476337.0,999943,581691,399.0,1119883.0
628,2019,147,american gumbo,A,217728.0,11385,52942,23517.0,1119883.0
629,2019,147,american gumbo,B,472443.0,82840,23297,23517.0,1119883.0
630,2019,147,american gumbo,F,8368326.0,1604465,1582927,23517.0,1119883.0
631,2019,147,american gumbo,H,116198.0,21116,10560,23517.0,1119883.0
632,2019,147,american gumbo,Others,5585971.0,1882612,898389,23517.0,1119883.0
633,2019,147,american gumbo,Private Label,4904235.0,832861,992558,23517.0,1119883.0
634,2019,151,low sodium,A,22441238.0,1279829,8687247,20670.0,2413088.0
635,2019,151,low sodium,B,8465847.0,483873,1082045,20670.0,2413088.0
636,2019,151,low sodium,F,2577394.0,246210,802870,20670.0,2413088.0
637,2019,151,low sodium,Others,114545917.0,6027727,63114708,20670.0,2413088.0
638,2019,151,low sodium,Private Label,2459490.0,541879,426114,20670.0,2413088.0
639,2019,152,low sugar,A,967814.0,582540,78155,3703.0,587204.0
640,2019,152,low sugar,H,4593.0,764,417,3703.0,587204.0
641,2019,152,low sugar,Others,13754879.0,2625166,2695569,3703.0,587204.0
642,2019,152,low sugar,Private Label,127.0,36,52,3703.0,587204.0
643,2019,158,chicken,A,5075834.0,379576,2464770,27097.0,2144743.0
644,2019,158,chicken,B,435071.0,99867,29974,27097.0,2144743.0
645,2019,158,chicken,D,5426666.0,1683774,1035898,27097.0,2144743.0
646,2019,158,chicken,F,2768523.0,553840,525772,27097.0,2144743.0
647,2019,158,chicken,H,172639.0,28512,14252,27097.0,2144743.0
648,2019,158,chicken,Others,59218177.0,12391400,14709650,27097.0,2144743.0
649,2019,158,chicken,Private Label,6324572.0,1776450,2653936,27097.0,2144743.0
650,2019,163,ethical - packaging,A,1991887.0,150656,1279800,2298.0,638.0
651,2019,163,ethical - packaging,B,26051513.0,729954,11712855,2298.0,638.0
652,2019,163,ethical - packaging,F,55605.0,6649,60118,2298.0,638.0
653,2019,163,ethical - packaging,Others,1499904.0,253102,226153,2298.0,638.0
654,2019,171,cherry,Others,140971.0,63892,8629,689.0,1119883.0
655,2019,178,red raspberry,B,241703.0,171216,235427,1636.0,1119883.0
656,2019,178,red raspberry,Private Label,9.0,4,3,1636.0,1119883.0
657,2019,185,cookie,A,179193789.0,8607011,107089360,34011.0,1119883.0
658,2019,185,cookie,B,391263066.0,23309260,271245647,34011.0,1119883.0
659,2019,185,cookie,D,175647474.0,11165554,139063792,34011.0,1119883.0
660,2019,185,cookie,F,6497324.0,422568,2114955,34011.0,1119883.0
661,2019,185,cookie,H,15234278.0,1373147,5187202,34011.0,1119883.0
662,2019,185,cookie,Others,126324715.0,7952698,63532477,34011.0,1119883.0
663,2019,185,cookie,Private Label,46731998.0,2073921,34634395,34011.0,1119883.0
664,2019,186,pollock,A,245843714.0,11964152,137916368,34011.0,1119883.0
665,2019,186,pollock,B,391699352.0,23323425,271458125,34011.0,1119883.0
666,2019,186,pollock,D,180295058.0,11677677,141384680,34011.0,1119883.0
667,2019,186,pollock,F,15919493.0,687114,5864672,34011.0,1119883.0
668,2019,186,pollock,H,15234278.0,1373147,5187202,34011.0,1119883.0
669,2019,186,pollock,Others,627724567.0,26821906,276279978,34011.0,1119883.0
670,2019,186,pollock,Private Label,163251319.0,7127421,101596231,34011.0,1119883.0
671,2019,187,blueberry,A,106555494.0,4328481,55385738,15329.0,1576753.0
672,2019,187,blueberry,B,436286.0,14165,212478,15329.0,1576753.0
673,2019,187,blueberry,D,4647584.0,512123,2320888,15329.0,1576753.0
674,2019,187,blueberry,F,9449538.0,265636,3757389,15329.0,1576753.0
675,2019,187,blueberry,Others,574815626.0,21689771,249315526,15329.0,1576753.0
676,2019,187,blueberry,Private Label,116519321.0,5053500,66961836,15329.0,1576753.0
677,2019,191,bone health,Others,726727.0,38855,10430,261561.0,345351.0
678,2019,192,prebiotic,Others,3364949.0,456807,392128,3388.0,59297.0
679,2019,193,poultry,A,5234280.0,194046,1922046,585.0,20548.0
680,2019,193,poultry,B,487835.0,22944,68836,585.0,20548.0
681,2019,193,poultry,Others,23549397.0,876925,12844923,585.0,20548.0
682,2019,207,energy/alertness,H,107484.0,32703,26703,5700.0,323818.0
683,2019,207,energy/alertness,Others,1399306.0,326750,186890,5700.0,323818.0
684,2019,207,energy/alertness,Private Label,29769.0,14534,6067,5700.0,323818.0
685,2019,211,halal,Others,501340.0,151939,75993,1395.0,4933.0
686,2019,220,herbs,A,39905569.0,971340,24558730,1438.0,1119883.0
687,2019,220,herbs,F,27369.0,1090,7672,1438.0,1119883.0
688,2019,220,herbs,Others,73415774.0,2820563,36568025,1438.0,1119883.0
689,2019,222,pizza,A,179193789.0,8607011,107089360,34011.0,1119883.0
690,2019,222,pizza,B,391263066.0,23309260,271245647,34011.0,1119883.0
691,2019,222,pizza,D,175647474.0,11165554,139063792,34011.0,1119883.0
692,2019,222,pizza,F,6497324.0,422568,2114955,34011.0,1119883.0
693,2019,222,pizza,H,15234278.0,1373147,5187202,34011.0,1119883.0
694,2019,222,pizza,Others,126324715.0,7952698,63532477,34011.0,1119883.0
695,2019,222,pizza,Private Label,46731998.0,2073921,34634395,34011.0,1119883.0
696,2019,224,american southwest style,A,106555494.0,4328481,55385738,34011.0,1119883.0
697,2019,224,american southwest style,B,436286.0,14165,212478,34011.0,1119883.0
698,2019,224,american southwest style,D,4647584.0,512123,2320888,34011.0,1119883.0
699,2019,224,american southwest style,F,9449538.0,265636,3757389,34011.0,1119883.0
700,2019,224,american southwest style,Others,574815626.0,21689771,249315526,34011.0,1119883.0
701,2019,224,american southwest style,Private Label,116519321.0,5053500,66961836,34011.0,1119883.0
702,2019,227,salmon,A,337691498.0,28058945,214825672,56418.0,428827.0
703,2019,227,salmon,B,14130897.0,1359900,4743409,56418.0,428827.0
704,2019,227,salmon,D,60403126.0,11213598,82161932,56418.0,428827.0
705,2019,227,salmon,F,3192871.0,80527,1368580,56418.0,428827.0
706,2019,227,salmon,H,3700372.0,1094039,1279100,56418.0,428827.0
707,2019,227,salmon,Others,45487291.0,8109102,15508564,56418.0,428827.0
708,2019,227,salmon,Private Label,53237191.0,5712192,95847595,56418.0,428827.0
709,2019,228,beef hamburger,A,20362.0,813,813,9041.0,337434.0
710,2019,228,beef hamburger,Others,1571612.0,350603,245996,9041.0,337434.0
711,2019,287,tilapia,A,2403840.0,770148,510569,34011.0,1119883.0
712,2019,287,tilapia,Others,307770.0,200596,77433,34011.0,1119883.0
713,2019,384,mackerel,Others,141528.0,19604,9594,4526.0,217.0
714,2019,385,peanut,Others,1782693.0,87113,385872,358.0,1119883.0
715,2019,430,soy foods,A,250839958.0,66739253,185106590,1951.0,243966.0
716,2019,430,soy foods,B,95200782.0,7306842,45959915,1951.0,243966.0
717,2019,430,soy foods,D,23627410.0,3886697,20104282,1951.0,243966.0
718,2019,430,soy foods,F,20612474.0,858470,6430181,1951.0,243966.0
719,2019,430,soy foods,H,44168881.0,5314785,13077483,1951.0,243966.0
720,2019,430,soy foods,Others,11392616.0,618749,4726202,1951.0,243966.0
721,2019,430,soy foods,Private Label,11733660.0,1671890,15373265,1951.0,243966.0
722,2019,432,apple cinnamon,A,265599863.0,21936060,137141041,34011.0,1119883.0
723,2019,432,apple cinnamon,B,262111092.0,26517080,53627146,34011.0,1119883.0
724,2019,432,apple cinnamon,D,174436702.0,24623202,82585861,34011.0,1119883.0
725,2019,432,apple cinnamon,F,135550109.0,11043547,45906513,34011.0,1119883.0
726,2019,432,apple cinnamon,H,34443264.0,5825435,11736810,34011.0,1119883.0
727,2019,432,apple cinnamon,Others,624436418.0,62976766,268837108,34011.0,1119883.0
728,2019,432,apple cinnamon,Private Label,54441653.0,7053281,34305343,34011.0,1119883.0
729,2019,433,gingerbread,A,1247745.0,64586,640926,38498.0,80.0
730,2019,433,gingerbread,B,9249937.0,440079,3654339,38498.0,80.0
731,2019,433,gingerbread,D,33609.0,1815,22277,38498.0,80.0
732,2019,433,gingerbread,F,1118271.0,38303,315337,38498.0,80.0
733,2019,433,gingerbread,H,2565370.0,1008108,864763,38498.0,80.0
734,2019,433,gingerbread,Others,11463888.0,775921,6001463,38498.0,80.0
735,2019,437,vegetarian,A,102064.0,6665,29040,63124.0,933751.0
736,2019,437,vegetarian,B,6159722.0,400461,2945327,63124.0,933751.0
737,2019,437,vegetarian,H,11164.0,921,689,63124.0,933751.0
738,2019,437,vegetarian,Others,35437171.0,1774508,19932878,63124.0,933751.0
739,2019,438,ethnic & exotic,A,139932591.0,4577752,80714916,119876.0,3745069.0
740,2019,438,ethnic & exotic,B,95173376.0,3715524,46401356,119876.0,3745069.0
741,2019,438,ethnic & exotic,D,56815497.0,4125954,26889241,119876.0,3745069.0
742,2019,438,ethnic & exotic,F,49896575.0,1531120,21860614,119876.0,3745069.0
743,2019,438,ethnic & exotic,H,40927254.0,1488076,26161534,119876.0,3745069.0
744,2019,438,ethnic & exotic,Others,177196233.0,10426920,66922485,119876.0,3745069.0
745,2019,438,ethnic & exotic,Private Label,632703.0,42411,290406,119876.0,3745069.0
